team_name,conference,w,l,adj_em,adj_o,adj_d,adj_tempo,luck,sos_adj_em,sos_adj_o,sos_adj_d,ncsos_adj_em
Duke,ACC,32,2,38.9,128,89.1,65.3,0.049,14.29,117,102.7,10.07
Arizona,B12,32,2,37.66,127.7,90,69.8,0.023,14.97,117.6,102.7,3.25
Michigan,B10,31,3,37.59,126.6,89,70.9,0.045,16.65,119.1,102.5,12.49
Florida,SEC,26,7,33.79,125.5,91.7,70.5,-0.036,16.01,119.4,103.4,7.96
Houston,B12,28,6,33.43,124.9,91.4,63.3,-0.006,13.58,116.9,103.3,0.87
Iowa State,B12,27,7,32.42,123.8,91.4,66.5,-0.012,12.44,115.6,103.1,-3.57
Illinois,B10,24,8,32.1,131.2,99.1,65.5,-0.05,13.64,117,103.4,3.76
Purdue,B10,27,8,31.2,131.6,100.4,64.4,-0.006,15.88,118.3,102.5,6.31
Michigan State,B10,25,7,28.31,123,94.7,66,0.005,13.69,118,104.4,3.65
Gonzaga,WCC,30,3,28.1,122,93.9,68.6,0.072,5.89,113,107.1,8.31
UConn,BE,29,5,27.87,122,94.1,64.4,0.055,12.01,115.3,103.3,7.63
Vanderbilt,SEC,26,8,27.51,126.8,99.3,68.8,0.018,14.56,118,103.4,1.16
Virginia,ACC,29,5,26.71,122.5,95.8,65.7,0.056,9.95,115.4,105.5,-3.27
Nebraska,B10,26,6,26.16,118.5,92.4,66.7,0.034,11.59,116.4,104.8,-6.03
Arkansas,SEC,26,8,26.05,127.7,101.6,71,0.051,14.95,118.9,103.9,4.41
Tennessee,SEC,22,11,26.02,121.1,95,65,-0.06,14.77,119,104.3,0.75
St. John's,BE,28,6,25.91,120.1,94.2,69.6,0.061,11.52,115.1,103.6,6.61
Alabama,SEC,23,9,25.72,129,103.3,73.1,0.019,16.75,119.4,102.7,13.42
Louisville,ACC,23,10,25.42,124.1,98.6,69.6,-0.02,12.55,115.8,103.3,2.41
Texas Tech,B12,22,10,25.22,125,99.8,66.2,0.006,15.64,118.3,102.7,7.75
Kansas,B12,23,10,24.44,118.3,93.9,67.6,0.053,16.95,118,101,10.99
Wisconsin,B10,24,10,23.39,125.3,102,68.7,0.041,13.93,117.2,103.3,-1.1
BYU,B12,23,11,23.25,125.5,102.2,69.9,-0.017,14.27,116.3,102,4.88
Saint Mary's,WCC,27,5,23.07,120.3,97.2,65.2,0.011,4.99,111.5,106.5,3.9
Iowa,B10,21,12,22.44,121.7,99.3,63,-0.061,11.37,115.6,104.2,-7.17
Ohio State,B10,21,12,22.24,124.3,102.1,66.1,-0.031,13.67,116.6,103,-1.82
UCLA,B10,23,11,21.67,123.7,102.1,64.6,0.017,12.22,116.1,103.9,-2.17
Kentucky,SEC,21,13,21.48,120.5,99,68.3,-0.019,15.92,119,103.1,1.33
North Carolina,ACC,24,8,20.84,121.4,100.5,67.9,0.057,11.46,115.4,103.9,1.33
Utah State,MWC,28,6,20.76,122.1,101.4,67.7,0.065,7.13,112.8,105.7,1.97
Miami (FL),ACC,25,8,20.68,121.4,100.7,67.6,0.021,7.99,113.7,105.7,-7.33
Georgia,SEC,22,10,20.48,124.7,104.2,71.4,-0.005,10.78,116,105.2,-6.45
Villanova,BE,24,8,19.97,120.4,100.4,65.2,0.067,10.37,114.7,104.3,2.9
NC State,ACC,20,13,19.6,124.1,104.5,69.1,-0.029,11.97,116,104,4.1
Santa Clara,WCC,26,8,19.4,123.6,104.2,69.2,0.015,6.02,111.8,105.8,3.91
Clemson,ACC,24,10,19.24,116.5,97.3,64.2,0.011,10.53,115.2,104.7,0.64
Texas,SEC,18,14,19.03,125,105.9,66.9,-0.083,13.7,117.4,103.7,-6.35
Auburn,SEC,17,16,19.02,124.8,105.8,67.2,-0.053,16.65,119.4,102.8,8.4
Texas A&M,SEC,21,11,18.67,119.7,101,70.5,-0.002,11.15,117,105.8,-5.88
Oklahoma,SEC,19,15,18.37,124.2,105.8,66.2,-0.07,13.3,117.3,104,-5.52
Saint Louis,A10,28,5,18.32,119.5,101.2,71,0.03,1.03,108.9,107.8,-5.82
SMU,ACC,20,13,18.09,122.9,104.8,68.5,-0.043,11.15,115.7,104.6,1.24
TCU,B12,22,11,17.59,115.4,97.8,67.7,0.004,11.04,115.2,104.1,-6.96
Cincinnati,B12,18,15,17.49,111.2,93.7,67.5,-0.073,11.02,114.8,103.8,-3.24
VCU,A10,27,7,17.21,119.9,102.7,68.5,-0.007,3.49,110.4,106.9,-1.27
Indiana,B10,18,14,17.18,120.3,103.2,66.1,-0.041,11.8,116.1,104.3,-4.97
South Florida,Amer,25,8,16.39,117.3,100.9,71.5,-0.026,3.04,111.2,108.2,4.94
San Diego St.,MWC,22,11,16.39,113.2,96.9,68.7,0.015,8.57,114.3,105.7,5.34
Baylor,B12,16,16,16,122.9,106.9,67.8,-0.086,13.92,115.8,101.8,1.14
New Mexico,MWC,23,10,15.81,117.1,101.3,69.8,-0.035,5.68,111.8,106.1,0.53
Seton Hall,BE,21,12,15.71,110.5,94.8,65.1,-0.033,8.99,113.9,104.9,-4.21
Missouri,SEC,20,12,15.39,119.5,104.1,66.2,0.041,11.51,116.5,105,-7.78
Washington,B10,16,17,15.12,117.2,102.1,67.1,-0.101,11.97,116.8,104.8,-0.75
UCF,B12,21,11,15.04,120.5,105.4,69.2,0.097,11.91,115,103.1,-2.56
Virginia Tech,ACC,19,13,13.69,117.2,103.6,67,-0.01,9.99,115.1,105.1,-0.87
Florida St.,ACC,18,15,13.48,118.4,104.9,70.4,-0.006,11.2,114.9,103.7,-3.27
Northwestern,B10,15,19,13.41,117.5,104.1,65,-0.079,13.22,117.2,103.9,-1.68
Stanford,ACC,20,12,13.37,117.1,103.7,66.7,0.03,8.77,113.5,104.8,-0.45
West Virginia,B12,18,14,13.27,110,96.7,62.2,-0.033,9.3,114.2,104.9,-8.28
LSU,SEC,15,17,13.23,119.8,106.6,66.6,-0.092,10.94,115.7,104.8,-4.66
Grand Canyon,MWC,20,12,13.19,111,97.8,68,-0.068,3.78,111.7,107.9,-5.77
Boise St.,MWC,20,12,13.18,117,103.8,65.7,0.028,8.44,114.1,105.7,7.73
Tulsa,Amer,26,7,12.97,121.2,108.2,67.9,0.021,0.59,109.1,108.5,-2.44
Akron,MAC,29,5,12.8,118.8,106,70.3,0.018,-3.65,108.5,112.1,-3.11
Mississippi,SEC,15,20,12.62,114.1,101.4,66.3,-0.07,14.22,118.6,104.4,-2.53
Oklahoma St.,B12,19,14,12.58,120.1,107.5,72,0.052,12.19,115.1,103,-0.94
Arizona St.,B12,17,16,12.52,115.8,103.2,69.2,0.062,14.49,117.7,103.2,5.81
McNeese,Slnd,28,5,12.48,114.3,101.8,66.2,0.084,-1.86,107.5,109.4,9.13
Belmont,MVC,26,6,12.26,120.7,108.4,68.9,0.035,-0.14,108.2,108.3,-4.64
Colorado,B12,17,15,12.11,118.9,106.8,68.7,0.024,10.83,115.3,104.5,0.07
Providence,BE,15,18,11.81,121.1,109.3,71.2,-0.09,10.99,114.1,103.1,-0.53
Northern Iowa,MVC,23,12,11.81,110,98.2,62.3,-0.07,1.27,109.5,108.2,-0.87
California,ACC,21,11,11.43,114.1,102.6,68,0.044,7.12,113.4,106.3,-6.42
Wake Forest,ACC,17,16,11.39,117,105.6,68.1,-0.022,11.27,115.8,104.6,0.66
Nevada,MWC,22,12,11.3,115.7,104.4,66.1,0.012,5.99,112.1,106.1,2.83
Creighton,BE,15,17,11.01,116.2,105.2,67.5,-0.029,11.72,114.6,102.8,3.34
Minnesota,B10,15,17,10.91,114.6,103.7,62.5,-0.061,10.48,116,105.5,-8.65
Dayton,A10,23,11,10.91,110.6,99.7,66.9,0.043,4.83,112,107.2,1.18
Georgetown,BE,16,18,10.89,114.6,103.7,66.2,-0.049,10.54,113.9,103.4,-4.13
USC,B10,18,14,10.81,113.5,102.7,70.6,0.068,12.23,116.4,104.2,-0.84
Yale,Ivy,24,6,10.65,121.1,110.4,64.4,0.045,-1.09,108.8,109.9,1.26
Wichita St.,Amer,22,11,9.78,112.6,102.8,66.1,-0.038,1.35,110.2,108.8,-2.24
Syracuse,ACC,15,17,9.74,114.6,104.9,67.4,-0.046,10.33,113.9,103.6,-2.19
Marquette,BE,12,20,9.66,111.8,102.2,68.9,-0.111,10.97,115.3,104.3,1.85
George Washington,A10,18,15,9.64,117.6,108,69.1,-0.141,1.58,109.3,107.7,-2.8
Butler,BE,16,16,9.49,116.1,106.6,68.7,-0.031,9.95,114,104.1,-3.01
Hofstra,CAA,24,10,9.49,114.6,105.1,64.7,-0.052,-0.91,108,108.9,3.13
Colorado St.,MWC,21,12,9.49,118.9,109.4,63,0.04,4.89,112.1,107.2,-2.19
Notre Dame,ACC,13,18,8.88,115.5,106.6,65.9,-0.059,10.73,114.8,104.1,1.42
Utah Valley,WAC,25,8,8.82,112.8,104,68.7,0.033,-0.34,107,107.4,2.53
Stephen F. Austin,Slnd,28,5,8.43,112.6,104.2,65.7,0.029,-3.65,106,109.6,-3.79
High Point,BSth,30,4,8.4,117,108.6,69.9,0.048,-9.23,103.7,112.9,-8.88
Miami OH,MAC,31,1,8.26,116.8,108.5,69.9,0.099,-5.37,107.2,112.6,-9.91
Pittsburgh,ACC,13,20,7.6,113.7,106.1,63.5,-0.067,10.84,115,104.2,0.42
South Carolina,SEC,13,19,7.54,112.5,105,66.3,-0.062,11.04,116.7,105.7,-8.78
George Mason,A10,23,9,7.5,113.1,105.6,63.3,0.054,0.39,109.7,109.3,-7.88
Xavier,BE,15,18,7.47,116.9,109.4,70.2,0.016,11.41,114,102.6,1.07
Wyoming,MWC,18,14,7.4,115.1,107.7,66,-0.024,3.96,111.7,107.8,-5.34
Oregon,B10,12,20,7.03,111.6,104.6,65.9,-0.036,12.63,116.4,103.8,1.53
Mississippi St.,SEC,13,19,7,112.7,105.7,69.6,-0.001,13.23,117.6,104.3,0.49
Kansas St.,B12,12,20,6.98,113.2,106.3,72.6,-0.074,12.99,116.1,103.1,-0.2
DePaul,BE,16,16,6.83,107.1,100.3,66.2,-0.014,7.98,113.4,105.4,-9.93
Illinois St.,MVC,20,12,6.66,110.5,103.9,66.7,-0.009,1.34,109.9,108.6,-2.8
UC Irvine,BW,23,11,6.21,104.9,98.7,68.2,-0.016,-0.7,108.4,109.1,0.61
Illinois Chicago,MVC,19,15,6.16,110.4,104.3,66.3,-0.061,1.6,110.1,108.5,-2.33
Cal Baptist,WAC,25,8,5.99,107.9,101.9,65.8,0.091,-1.95,107.1,109.1,-3.32
UNLV,MWC,17,16,5.97,115,109.1,69.8,0.003,6.44,112.4,106,1.19
Hawaii,BW,24,8,5.97,107.1,101.2,69.7,0.038,-3.37,106.6,109.9,-11.24
St. Thomas,Sum,24,9,5.88,114,108.1,68.2,-0.034,-5.66,107.3,112.9,-0.94
UNC Wilmington,CAA,26,6,5.79,111.9,106.1,65.1,0.028,-5.08,106.4,111.4,-8.33
Sam Houston St.,CUSA,22,11,5.56,113.5,107.9,70,-0.007,-0.19,109.7,109.9,6.04
Pacific,WCC,18,15,5.42,110.7,105.3,64.3,-0.02,2.91,110.5,107.6,-0.01
North Dakota State,Sum,27,7,5.13,111.7,106.6,66.3,0.04,-5.83,106.5,112.3,-0.97
Davidson,A10,20,13,4.94,109.6,104.7,63.6,0.033,2.05,109.6,107.5,-0.1
UT Rio Grande Valley,Slnd,19,14,4.57,111,106.4,66.3,-0.056,-1.23,107.9,109.1,8.31
Saint Joseph's,A10,22,11,4.56,107.3,102.7,68,0.088,1.41,109.2,107.8,-5
Southern Illinois,MVC,16,16,4.55,103.8,99.2,68.9,-0.094,1.8,109.9,108.1,-0.17
UC San Diego,BW,23,11,4.53,107.8,103.3,67.2,0.01,-1.02,107.9,108.9,0.31
Seattle,WCC,20,13,4.49,102.2,97.7,67.6,0.017,1.62,110.6,109,-3.51
Maryland,B10,12,21,4.25,111.1,106.9,66.1,0.016,14.68,117.4,102.7,1.56
San Francisco,WCC,17,16,4.2,113.6,109.4,65.9,-0.006,4.08,110.8,106.8,0.29
Murray St.,MVC,20,12,4.12,116.3,112.2,71.5,0.043,1.16,109.6,108.5,-3.83
Bradley,MVC,21,12,3.96,111.7,107.8,67.3,0.039,0.68,108.9,108.3,-5.41
Rutgers,B10,14,19,3.95,110.5,106.5,66.8,0.043,11.23,115.1,103.9,-7.31
Liberty,CUSA,25,7,3.9,117.6,113.7,63.9,0.142,-1.78,107.6,109.3,0.68
Utah,B12,10,22,3.65,114.7,111,66,-0.012,12.12,115.7,103.5,0.2
UAB,Amer,20,12,3.46,109.8,106.4,69.1,0.006,-0.79,108.7,109.5,-5.46
Duquesne,A10,18,15,3.45,110.7,107.3,68.6,-0.012,2.57,110.4,107.8,-6.41
Florida Atlantic,Amer,18,15,3.31,109.7,106.4,69.6,-0.034,1.9,110,108.1,2.87
UC Santa Barbara,BW,18,14,3.17,113.7,110.6,64.4,-0.067,-1.04,107.3,108.4,-0.47
Toledo,MAC,19,15,3.15,114.5,111.3,67.8,-0.055,-0.8,109.7,110.5,2.12
Fresno St.,MWC,13,19,3.09,107.4,104.3,68.2,-0.078,4.77,112.2,107.5,-3.08
Montana St.,BSky,18,14,3,111,108,65.8,-0.083,0.03,110.5,110.5,6.36
Memphis,Amer,13,19,2.52,107.2,104.7,70.2,-0.053,5.45,112.2,106.8,10.85
Rhode Island,A10,16,16,2.47,105.8,103.4,65.7,-0.048,0.75,109.4,108.7,-5.55
North Texas,Amer,19,14,2.46,103.4,100.9,65,0.01,0.99,110.1,109.1,0.12
Washington St.,WCC,12,20,2.32,113.9,111.6,67.8,-0.094,5.06,111,105.9,5.01
Penn St.,B10,12,20,2.18,114,111.9,67.4,-0.012,10.73,115.7,105,-7.27
St. Bonaventure,A10,17,17,2.17,113.7,111.5,67.3,-0.044,1.44,109.2,107.7,-4.41
Wright State,Horz,23,11,2.04,112.1,110,67.2,0.009,-4.03,109.4,113.4,0.85
Northern Colorado,BSky,20,12,1.87,112.3,110.4,68.7,-0.024,-2.09,109,111.1,-0.22
Navy,PL,26,7,1.84,107.4,105.5,65.1,0.053,-12.12,103.2,115.3,-9.56
Troy,SB,22,11,1.72,110.7,109,64.9,0.024,-3.23,107.5,110.8,4.15
Robert Morris,Horz,22,11,1.69,110.8,109.1,64.4,0.029,-4.53,108.9,113.4,-1.4
Idaho,BSky,21,14,1.53,108.8,107.3,67.7,-0.012,-1.67,109.4,111.1,0.74
Portland St.,BSky,20,11,1.52,103.5,102,68,0.008,-1.99,109.8,111.8,1.41
Bowling Green,MAC,18,14,1.51,107.2,105.7,68.3,-0.095,-3.33,108.2,111.5,-6.4
Kent St.,MAC,24,9,1.5,111.8,110.3,70.2,0.136,-2.62,109.3,111.9,-3.36
William & Mary,CAA,20,12,1.49,111,109.5,72.5,0.024,-2.1,108.2,110.3,0.33
Penn,Ivy,18,11,1.47,107.4,105.9,69,0.068,-0.69,109.2,109.9,0.51
Arkansas St.,SB,20,12,1.39,110.6,109.2,71.9,0.008,-3.82,107.1,111,2.77
Harvard,Ivy,17,12,1.26,106.6,105.3,63,-0.015,-3.38,107.9,111.3,-5.1
Central Arkansas,ASun,22,12,1.25,110.2,108.9,67.9,0.041,-5.42,109,114.5,5.7
UT Arlington,WAC,18,14,1.13,102.6,101.5,64.8,0.03,0.54,108.8,108.2,3.35
Winthrop,BSth,23,11,1.13,111.7,110.5,70,0.025,-4.76,106.8,111.6,1.16
Boston College,ACC,11,20,1.07,103.7,102.7,65.9,-0.035,6.6,113.1,106.5,-7.46
Towson,CAA,19,15,0.99,105.7,104.7,63.4,0.012,-0.99,109,110,2.72
Valparaiso,MVC,18,15,0.97,108.1,107.2,65.1,0.041,0.82,109.2,108.4,-6
UC Davis,BW,19,14,0.89,108,107.1,68.9,0.04,-0.22,108.2,108.4,1.67
Richmond,A10,15,17,0.81,111.3,110.5,67.6,-0.092,-0.14,109.1,109.2,-9.09
Loyola Marymount,WCC,15,17,0.68,106.5,105.8,66.9,-0.045,0.58,109.7,109.1,-5.81
Georgia Tech,ACC,11,20,0.58,107.7,107.1,70.6,-0.039,6.29,111.9,105.6,-9.75
Kennesaw State,CUSA,21,13,0.57,110.6,110.1,71.2,0.009,-2.23,108,110.2,-5.17
Cornell,Ivy,15,13,0.51,119.8,119.3,71.2,-0.032,-1.39,108.3,109.7,-0.68
Temple,Amer,16,16,0.5,111.7,111.2,64.9,-0.073,-1.53,107.5,109.1,-3.15
Fordham,A10,17,15,0.47,104.6,104.1,64.4,-0.056,-2.17,107.8,110,-16.13
East Tennessee St.,SC,23,11,0.44,109.7,109.2,66,-0.021,-8.02,106.7,114.7,-4.26
Cal St. Fullerton,BW,18,16,0.38,109.4,109,72.8,0.047,1.41,109.5,108,6.43
Oakland,Horz,16,16,0.21,115.2,115,69.8,0.016,-0.1,110.4,110.5,17.3
Western Kentucky,CUSA,18,14,0.02,108.5,108.5,69.9,0.008,-0.84,109.6,110.4,1.4
Eastern Washington,BSky,14,19,0,113.1,113.1,67.6,-0.061,0.84,110,109.2,7.55
Charleston,CAA,21,11,-0.19,108,108.2,67.6,0.105,-2.09,108.9,111,-1.58
Austin Peay,ASun,22,9,-0.28,108,108.3,69.4,0.033,-6.6,108.3,114.9,2.1
Texas A&M Corpus Chris,Slnd,18,15,-0.29,104.8,105.1,66,0.003,-0.11,108.7,108.8,16.58
CSUN,BW,20,14,-0.37,108.9,109.3,73.5,0.078,0.04,108,107.9,1.07
Northern Kentucky,Horz,20,14,-0.59,109.5,110.1,70.2,-0.022,-4.38,109.9,114.3,-4.18
Oregon St.,WCC,17,16,-0.66,109.2,109.8,65.1,0.097,3.09,110.2,107.1,-1.69
Middle Tennessee,CUSA,17,15,-0.67,109.1,109.8,65.8,0.012,0.8,109.5,108.7,11.15
Merrimack,MAAC,23,11,-0.83,106.5,107.4,63.4,0.115,-5.77,105.1,110.8,3.26
Monmouth,CAA,19,15,-0.89,106.1,107,67.1,0.013,-2.55,107.2,109.8,-3.68
Queens (N.C.),ASun,21,13,-1.44,115.8,117.2,69.6,0.067,-5.66,108.3,114,5.71
Campbell,CAA,16,18,-1.47,111.2,112.6,69.7,0.009,0.77,109.2,108.4,7.62
Charlotte,Amer,17,17,-1.48,113,114.5,63.4,0.024,0.53,109.3,108.8,-0.9
New Mexico St.,CUSA,16,16,-1.61,108.7,110.3,66.9,-0.061,-1.36,108.3,109.6,0.63
UMBC,AE,24,8,-1.67,108.2,109.9,66.2,0.046,-14.87,100.5,115.4,-6.98
Montana,BSky,18,16,-1.72,106.7,108.5,69.6,0.047,-0.12,110.1,110.2,5.27
Tennessee State,OVC,23,9,-1.83,109.1,110.9,70.2,0.07,-8.26,103.2,111.5,5.4
Utah Tech,WAC,19,15,-1.88,110.9,112.8,66.3,0.099,0.72,107.3,106.6,3.7
Columbia,Ivy,16,12,-1.96,108.5,110.5,66.7,0.012,-3.46,108.1,111.6,-5.42
Mercer,SC,19,13,-1.97,111.8,113.7,68.9,-0.021,-5.39,108.2,113.6,3.98
Furman,SC,22,12,-1.98,107.5,109.4,65.9,0.01,-6.29,108.1,114.4,-0.7
Siena,MAAC,23,11,-2.1,107.1,109.2,64.6,0.005,-9.48,102.9,112.4,-7.72
New Orleans,Slnd,15,18,-2.2,109.7,111.9,69.7,0.038,0.54,108.3,107.7,14.05
FIU,CUSA,15,17,-2.23,107.4,109.6,71.5,-0.051,-1.34,108.6,110,-0.11
Appalachian St.,SB,19,13,-2.33,105.8,108.2,63,0.015,-5.53,107,112.5,-3.28
Massachusetts,MAC,17,16,-2.6,108.7,111.3,69.9,-0.045,-3.66,107.8,111.4,-6.62
Drake,MVC,14,20,-2.64,109.9,112.6,67.2,-0.06,2.04,109.3,107.3,-4.17
Weber St.,BSky,16,16,-2.64,111.6,114.2,68.5,-0.031,-1.95,108.3,110.2,-1.06
Buffalo,MAC,17,15,-2.8,112.5,115.3,66.5,-0.028,-3.6,107.4,111,-6.7
Lipscomb,ASun,19,13,-2.84,106.9,109.7,69.3,0.044,-5.22,108.7,113.9,4.7
Indiana St.,MVC,11,21,-2.87,106.2,109.1,68,-0.11,1.26,108.6,107.4,-5.47
Portland,WCC,15,19,-2.89,106,108.9,68.4,0.064,3.64,111.2,107.6,0.68
Louisiana Tech,CUSA,20,14,-2.9,102.9,105.8,64.3,0.05,-3,108,111,-7.1
Marist,MAAC,19,12,-3.07,99.6,102.6,66.3,-0.027,-8.92,103.9,112.8,-7.3
South Alabama,SB,21,11,-3.14,107,110.2,64.6,0.058,-6.05,105.9,112,-5.32
Missouri St.,CUSA,16,18,-3.15,108.9,112.1,65.5,-0.043,-1.66,108,109.7,-1.13
Howard,MEAC,23,10,-3.19,103.1,106.3,69,-0.01,-14.6,100.5,115.1,-1.69
Marshall,SB,19,13,-3.19,112,115.2,69.3,0.034,-4.24,107.4,111.6,-1.15
Jacksonville St.,CUSA,15,17,-3.38,105.1,108.5,65.3,-0.057,-2.94,107.8,110.7,-6.35
Green Bay,Horz,18,15,-3.5,112.5,116,62.9,0.064,-2.1,110,112.1,6.26
Tulane,Amer,18,15,-3.63,107.7,111.3,66.9,0.121,0.24,108.3,108,-3.76
Cal Poly,BW,14,19,-3.64,109.4,113.1,74,-0.003,1.29,108.6,107.3,5.22
James Madison,SB,18,15,-3.91,109.1,113,66,0.017,-4.9,106.5,111.4,-2.72
Youngstown St.,Horz,15,17,-3.92,105.5,109.4,67.2,-0.092,-3.76,109.5,113.3,-1.53
Samford,SC,18,14,-3.93,109.6,113.6,67.2,0.009,-5.97,107.9,113.9,0.22
Long Island,NEC,24,10,-3.95,105.6,109.6,67.8,0.104,-9.97,103.6,113.5,2.14
Detroit Mercy,Horz,17,15,-4.15,107.9,112.1,68.8,0.067,-2.36,109.6,112,7.71
Southern Miss,SB,19,16,-4.17,105.2,109.4,69.3,0.043,-3.67,107.1,110.8,1.23
Quinnipiac,MAAC,19,13,-4.25,104.2,108.4,69.9,0.027,-7.46,104,111.5,1.33
South Dakota St.,Sum,14,18,-4.31,108,112.3,66.8,-0.117,-3.11,107.7,110.8,2.48
Tarleton St.,WAC,14,18,-4.38,104.2,108.6,69.2,-0.041,0.68,107.7,107.1,3.97
Drexel,CAA,17,16,-4.71,102.4,107.1,64.2,0.003,-4.42,106.3,110.7,-7.99
Tennessee Martin,OVC,22,11,-4.81,100.4,105.2,64.1,0.048,-8.75,102.9,111.6,0.35
San Diego,WCC,12,21,-4.99,108.2,113.2,68,0.003,2.24,109.6,107.4,-2.15
San Jose St.,MWC,9,24,-5.01,112.1,117.1,65.1,-0.012,7.14,113,105.8,1.95
Rice,Amer,13,18,-5.23,108.6,113.8,65.5,0.009,-0.32,108.7,109,-2.1
Stony Brook,CAA,17,15,-5.52,105.2,110.7,66.2,0.064,-2.94,106.9,109.8,-4.31
Ohio,MAC,15,17,-5.57,107.9,113.5,68.8,0.025,-1.34,108.8,110.2,0.92
Western Carolina,SC,15,16,-5.59,109.2,114.7,67.8,-0.015,-4.01,108.7,112.7,9.69
Elon,CAA,14,18,-5.73,110.1,115.8,66.8,-0.03,-2.41,108.3,110.7,-3.16
Long Beach St.,BW,10,22,-5.77,105.6,111.3,68.5,-0.03,0.97,108.5,107.6,4.42
Southeast Missouri,OVC,20,13,-5.84,102.2,108,68.9,0.031,-8.04,103.9,112,4.43
La Salle,A10,9,23,-5.88,105.7,111.5,65.8,-0.029,5.18,111.1,105.9,3.93
Denver,Sum,15,17,-6,116,122,67.9,0.007,-1.69,109,110.7,7.78
Georgia Southern,SB,21,16,-6.05,110.2,116.2,70,0.057,-5.8,105.8,111.6,-6.65
Nicholls,Slnd,14,19,-6.24,105.8,112,68.2,0.044,-0.12,108.3,108.4,9.73
Lamar,Slnd,12,19,-6.3,103.1,109.4,65.6,-0.089,-2.75,107,109.7,-0.67
American,PL,16,16,-6.31,105.6,111.9,66.7,-0.024,-7.88,105.2,113.1,0.73
Eastern Michigan,MAC,10,21,-6.39,101.9,108.3,66.5,-0.096,-0.53,109.6,110.1,1.85
Vermont,AE,22,12,-6.45,106.1,112.6,64.8,0.008,-10.96,102.9,113.9,-2.43
Charleston Southern,BSth,15,17,-6.48,105.7,112.2,71.5,-0.09,-6.43,105.9,112.3,-5.58
Abilene Christian,WAC,14,19,-6.56,101.1,107.6,67.8,0.029,0.19,108.2,108.1,0.83
Bethune Cookman,SWAC,17,15,-6.6,103.6,110.2,69,0.069,-7.16,104.8,111.9,13.74
Florida Gulf Coast,ASun,16,18,-6.61,105.5,112.2,67.5,-0.029,-5.86,108,113.9,0.19
Texas St.,SB,19,13,-6.65,104,110.6,66,0.084,-6.85,105.3,112.2,-9.11
UNC Asheville,BSth,15,17,-6.75,104.7,111.4,64.8,-0.016,-3.75,107.9,111.7,1.08
Coastal Carolina,SB,19,13,-6.86,101.8,108.6,66.8,0.132,-4.97,106.8,111.8,-2.17
Old Dominion,SB,12,21,-7,106,113,68.9,-0.073,-3.06,108.2,111.3,4.64
Colgate,PL,18,15,-7.02,107.7,114.7,66.8,0.044,-6.94,106.2,113.1,5.23
Idaho St.,BSky,13,20,-7.08,109.5,116.6,65.5,-0.035,-0.68,109,109.6,3.35
Southern Utah,WAC,10,22,-7.14,106.5,113.7,70.2,-0.053,2.11,108.6,106.5,5.73
Princeton,Ivy,9,20,-7.15,105.4,112.6,63.5,-0.077,-0.95,109,109.9,-0.6
Wofford,SC,19,13,-7.35,109.1,116.5,67.8,0.073,-7.63,107.9,115.5,-4.39
East Carolina,Amer,11,20,-7.43,103.6,111,68.6,-0.006,-0.53,109.5,110.1,-3
Saint Peter's,MAAC,17,12,-7.51,103,110.5,65.5,0.066,-8.04,103.9,112,-1.06
SIUE,OVC,19,13,-7.59,99.5,107.1,64.3,-0.007,-10.8,102.3,113.1,-7.81
Radford,BSth,16,16,-7.67,106.3,113.9,70.6,-0.036,-7.17,105.8,113,-6.45
UC Riverside,BW,10,22,-7.69,104,111.7,68.4,-0.048,1.54,109.4,107.8,6.45
Iona,MAAC,18,14,-7.72,104,111.7,68.7,0.041,-8.69,103.9,112.5,-3.13
Purdue Fort Wayne,Horz,17,15,-7.83,105.3,113.2,67.6,0.118,-1.78,110.4,112.2,7.7
Boston University,PL,17,17,-8,111.8,119.8,63.1,-0.022,-8.53,104.2,112.8,-4.89
Nebraska Omaha,Sum,16,17,-8.01,106.1,114.1,67,0.033,-2.81,108.6,111.4,3.1
Fairfield,MAAC,21,13,-8.1,105.8,113.9,66.9,0.078,-9.63,102.8,112.4,-8.69
Pepperdine,WCC,9,23,-8.15,105.2,113.4,68.6,-0.018,2.93,110.2,107.2,-2.25
Sacramento St.,BSky,10,21,-8.3,105.9,114.2,71.6,-0.022,1.43,110.5,109.1,8.9
Incarnate Word,Slnd,12,19,-8.49,108.8,117.3,65.5,-0.028,-1.51,107.4,108.9,6.67
Lindenwood,OVC,18,15,-8.51,100.5,109,72.4,0.017,-8.87,103.1,111.9,1.95
Milwaukee,Horz,12,20,-8.85,106.5,115.3,67.3,0.013,-1.65,110.4,112,6.37
Central Michigan,MAC,10,21,-9.04,105.9,115,67.1,-0.098,-1.6,108.3,109.9,1.44
Presbyterian,BSth,15,18,-9.07,103.2,112.2,64.1,-0.02,-4.93,107,111.9,-2.02
Longwood,BSth,16,16,-9.12,103.4,112.6,68.4,-0.036,-8.4,104.5,112.9,-10.62
Hampton,CAA,13,19,-9.19,102.5,111.6,65.3,-0.013,-3.8,106.3,110,-7.5
Western Michigan,MAC,10,21,-9.23,107.8,117,67.7,-0.036,-1.3,108.4,109.7,-2.09
Dartmouth,Ivy,11,16,-9.36,104.7,114.1,69.5,0,-2.27,108.5,110.7,-4.54
North Dakota,Sum,18,17,-9.51,106.8,116.3,67.2,0.111,-3.64,107.9,111.5,-0.45
UTEP,CUSA,11,20,-9.58,100.8,110.4,65.5,0.01,-0.38,108.6,109,3.43
Mount St. Mary's,MAAC,15,17,-9.61,99.4,109,67.5,0.028,-7.24,104.2,111.5,0.82
Bellarmine,ASun,13,19,-9.66,116.5,126.1,64.6,-0.013,-4.77,108.4,113.2,2.38
Southern,SWAC,17,17,-9.75,104.6,114.4,69.9,0.06,-6.37,105.1,111.5,15.21
Loyola Chicago,A10,9,24,-10.17,103.3,113.5,65.5,0.057,2.81,110.4,107.5,-4.63
Northwestern St.,Slnd,10,22,-10.21,102.2,112.5,64.7,-0.013,-0.95,107.6,108.5,7.71
South Dakota,Sum,16,16,-10.27,104.3,114.6,69.8,0.056,-5.72,106.9,112.7,-3.71
Morehead St.,OVC,20,13,-10.35,106.9,117.2,65.3,0.16,-7.02,104,111,6.23
Lehigh,PL,18,16,-10.37,102.7,113.1,66.9,0.081,-8.61,104.9,113.5,-0.54
Southeastern Louisiana,Slnd,9,22,-10.58,99.7,110.2,65.5,-0.006,-0.9,107.9,108.8,5.34
Northeastern,CAA,7,24,-10.6,107.5,118.1,69.6,-0.061,-1.78,108.1,109.8,-0.86
Mercyhurst,NEC,17,17,-10.67,101.2,111.9,64.8,-0.013,-10.81,102.6,113.4,0.17
Prairie View A&M,SWAC,18,17,-10.69,101.2,111.9,70.9,0.013,-9.59,103.4,113,8.98
East Texas A&M,Slnd,11,21,-10.83,100.7,111.5,68.2,0.001,-0.83,108,108.8,6.68
Brown,Ivy,9,18,-10.85,97.9,108.8,66.5,-0.05,-3.96,107.8,111.7,-8.78
North Carolina A&T,CAA,11,19,-10.98,105.2,116.2,68.5,-0.023,-3.75,107.4,111.1,-8.93
Houston Christian,Slnd,12,20,-11.14,102.9,114,64.4,0.034,-2.46,107.4,109.8,-0.99
Delaware,CUSA,10,21,-11.27,104.4,115.7,63.1,0.006,-2.78,107.4,110.2,-6.92
Ball St.,MAC,12,19,-11.31,98.6,109.9,63.7,-0.005,-4.05,107.9,112,-6.41
Jacksonville,ASun,12,20,-11.47,103,114.5,63.3,-0.03,-4.07,108.9,113,5.19
Sacred Heart,MAAC,14,19,-11.56,107.2,118.7,68.4,0.001,-7.53,104,111.5,-2.06
Eastern Kentucky,ASun,11,21,-11.66,109.1,120.8,67.3,-0.017,-4.08,108.8,112.9,2.99
Grambling St.,SWAC,14,19,-11.78,96.9,108.6,67.6,-0.053,-9.21,103.2,112.4,2.12
Le Moyne,NEC,15,17,-11.81,102,113.8,69.5,-0.018,-10.61,102.6,113.2,-1.71
UNC Greensboro,SC,15,19,-12.22,107.6,119.8,67.6,0.056,-6.15,108,114.1,-0.91
Chattanooga,SC,13,19,-12.27,105.4,117.6,67.2,-0.029,-7.06,107.7,114.7,-2.61
USC Upstate,BSth,13,19,-12.4,99,111.4,67.5,0.025,-5.55,106,111.6,-1.4
Stetson,ASun,12,21,-12.55,105.2,117.8,66.7,0.008,-3.87,108.5,112.4,4.73
West Georgia,ASun,15,17,-12.55,101.6,114.1,69.2,0.072,-6.67,108.6,115.3,0.26
Wagner,NEC,14,17,-12.68,102.5,115.2,65.4,-0.001,-9,103.2,112.2,6.39
Central Connecticut,NEC,18,12,-12.71,104.7,117.4,65,0.116,-11.11,102.1,113.2,-2
Alabama A&M,SWAC,18,15,-12.73,104,116.7,65.3,0.058,-10.88,102,112.9,-2.06
Evansville,MVC,7,25,-12.85,101.9,114.8,67,-0.011,4.51,110.8,106.3,3.65
Oral Roberts,Sum,10,23,-12.9,102,114.9,67.7,-0.055,-1.72,109.6,111.3,5.57
Georgia St.,SB,10,22,-12.94,99.3,112.3,67.8,-0.04,-3.99,107.1,111.1,-0.36
Little Rock,OVC,12,20,-12.96,102.7,115.7,66.6,-0.033,-6.45,103.4,109.9,4.63
Florida A&M,SWAC,15,16,-13.01,97.9,110.9,68.2,0.071,-8.87,103.8,112.7,7.93
Louisiana,SB,11,22,-13.28,100.1,113.4,63.2,0.033,-4.52,106.4,110.9,-1.95
Arkansas Pine Bluff,SWAC,13,19,-13.31,104,117.3,68.9,0.025,-5.57,105.8,111.4,14.44
Tennessee Tech,OVC,13,18,-13.33,102.5,115.8,66.8,-0.028,-7.61,103.4,111,2.97
Texas Southern,SWAC,12,18,-13.35,101.7,115,68.7,-0.033,-8.63,103.9,112.5,12.43
IU Indy,Horz,7,25,-13.89,105.4,119.3,73.2,-0.033,-3.45,109,112.4,-1.04
Alabama St.,SWAC,10,22,-14.43,99.2,113.6,69.5,-0.071,-6.82,104.1,110.9,8.17
Northern Arizona,BSky,10,22,-14.48,105.1,119.6,63.8,0.031,-1.07,109.4,110.5,0.15
Cleveland St.,Horz,11,22,-14.62,109.4,124,69.7,0.04,-1.94,109.8,111.7,4.35
UMass Lowell,AE,15,18,-14.62,102.6,117.3,69.1,0.017,-9.15,103.6,112.7,2.1
Loyola MD,PL,12,20,-14.81,104.2,119,68.2,-0.027,-9.24,103.9,113.1,-6.79
Eastern Illinois,OVC,13,20,-14.86,96.9,111.7,65.6,0.037,-6.12,104.5,110.7,12.54
Albany,AE,11,21,-14.94,103.3,118.2,65.2,-0.086,-7.35,104.7,112.1,4.23
Lafayette,PL,11,21,-15.18,100.7,115.9,66.7,0.009,-7.58,105.2,112.8,-0.65
Cal St. Bakersfield,BW,8,24,-15.28,101.9,117.2,70.1,0.012,0.43,107.9,107.5,0.65
Norfolk St.,MEAC,15,17,-15.38,101.4,116.7,68.2,-0.019,-11.9,101.2,113.1,0.43
New Haven,NEC,14,17,-16.09,96.1,112.2,63.3,0.041,-9.45,102.9,112.3,2.92
Holy Cross,PL,11,22,-16.42,100.8,117.2,65.5,-0.007,-7.04,106,113,-0.06
Manhattan,MAAC,12,20,-16.46,104.4,120.8,67.8,0.053,-8.18,103.3,111.5,-2.87
Bucknell,PL,10,23,-16.62,98.2,114.8,66.9,0.015,-5.96,106.8,112.8,2.1
NJIT,AE,16,17,-16.85,96.5,113.4,67.8,0.115,-9.24,103.3,112.6,1.04
Northern Illinois,MAC,9,21,-17.23,97,114.3,67.4,0.014,-1.05,109.1,110.1,2.27
Stonehill,NEC,12,21,-17.32,91.7,109,66.3,-0.007,-10.34,102.9,113.3,-3.34
North Florida,ASun,7,25,-17.47,106.9,124.4,70.4,-0.029,-3.4,108,111.4,7.94
Fairleigh Dickinson,NEC,11,21,-17.63,100.8,118.4,63.8,-0.006,-8.56,103.3,111.9,5.28
Army,PL,11,21,-18.39,100.1,118.5,67.1,0.044,-7.79,105.6,113.4,-1.92
Niagara,MAAC,8,22,-18.48,99.6,118.1,62.1,-0.038,-8.22,103.8,112,-3.94
Southern Indiana,OVC,7,23,-18.61,95.5,114.1,67.5,-0.105,-8.24,103.6,111.8,-1.67
UTSA,Amer,5,25,-18.65,99.6,118.3,68.5,-0.001,1.43,109.8,108.4,1.71
Jackson St.,SWAC,12,21,-18.86,100,118.8,69.4,0.101,-6.29,104.9,111.2,13.66
Canisius,MAAC,10,21,-19.22,95.3,114.5,64.2,0.019,-7.87,104.3,112.1,-3.35
North Alabama,ASun,9,21,-19.27,99.5,118.8,64.8,0.057,-4.77,108.7,113.5,1.83
Chicago St.,NEC,7,25,-19.58,99.4,119,65.3,-0.032,-4.58,105.6,110.2,10.64
Air Force,MWC,3,29,-19.95,95.6,115.5,66.3,0,5.07,112.1,107,-4.86
Alcorn St.,SWAC,9,23,-20.17,96.3,116.5,67.2,0.039,-5.18,105.5,110.7,13.47
The Citadel,SC,11,22,-20.29,100.6,120.9,64.3,0.028,-5.68,107.9,113.5,-1.93
Maine,AE,8,24,-20.33,91.6,111.9,64.7,-0.031,-9.19,103.8,113,-1.43
New Hampshire,AE,9,21,-20.71,95.3,116,67.4,-0.002,-8.07,104.2,112.2,5.28
Maryland Eastern Shore,MEAC,9,23,-20.85,94.6,115.5,63.1,-0.052,-9.26,103.6,112.8,5.04
Louisiana Monroe,SB,4,28,-21.05,101.2,122.2,70.1,-0.099,-3.72,106.5,110.3,-1.35
North Carolina Central,MEAC,14,18,-21.14,100.1,121.2,65.7,0.071,-10.33,102,112.3,9.3
Morgan St.,MEAC,14,16,-21.78,99.4,121.2,70.7,0.103,-12.77,100.4,113.2,-1.54
Saint Francis,NEC,7,24,-22.26,99.5,121.8,69.9,-0.025,-6.79,104.9,111.7,7.36
Bryant,AE,9,22,-23.01,96.6,119.6,64.2,0.009,-7.96,103.4,111.4,2.45
South Carolina St.,MEAC,10,22,-23.55,95.2,118.8,68.7,0.033,-8.89,103.8,112.7,3.27
Rider,MAAC,4,25,-24.43,95.7,120.1,65.8,-0.024,-5,105.6,110.6,11.12
Kansas City,Sum,4,27,-25.1,92,117.1,69.8,-0.017,-1.61,110,111.6,5.94
Binghamton,AE,8,23,-25.5,97.6,123.1,65.3,-0.019,-12.28,101.6,113.9,-8.23
VMI,SC,6,26,-26.28,98.6,124.9,66.7,-0.011,-5.72,108.3,114,-2.04
